Provider Id,Latitude,Longitude
10001,,
10005,,
10006,34.79422,-87.68266
10007,,
10008,31.69356,-86.26502
10011,,
10012,34.4414,-85.75592
10016,,
10019,,
10021,,
10022,35.08948,-81.6347
10023,32.3277,-86.277
10024,32.366629,-86.2859365
10025,32.827306,-85.1889829
10029,32.6380721579,-85.4054026842
10032,,
10033,,
10034,,
10035,,
10036,,
10038,,
10039,,
10040,,
10044,29.17521,-82.13691
10045,,
10046,,
10047,,
10049,31.31853,-85.85534
10050,,
10051,,
10052,,
10054,,
10055,,
10056,33.5079693,-86.7879606
10058,32.951456,-87.147038
10059,34.483576,-87.285908
10061,34.6593658567,-86.0494085085
10062,31.04881,-85.89118
10065,,
10069,,
10073,,
10078,33.6559819,-85.822589219
10079,,
10083,,
10085,,
10086,,
10087,,
10089,,
10090,,
10091,,
10092,,
10095,32.69532,-87.58697
10097,,
10099,,
10100,,
10101,,
10102,,
10103,,
10104,,
10108,,
10109,,
10110,,
10112,,
10113,30.6964008571,-88.0788514286
10114,,
10118,,
10120,,
10125,34.2418,-87.59156
10126,31.78167,-85.94582
10128,,
10129,,
10130,33.6070013,-86.2909669
10131,34.69285,-86.57186
10138,,
10139,33.46427,-86.77649
10144,,
10146,33.78517,-85.76336
10148,,
10149,,
10150,,
10157,34.7449031,-87.6724712
10158,,
10164,,
10168,,
10169,31.016193,-87.479823
20001,61.18839,-149.82057
20006,61.56221,-149.25789
20008,58.3283042,-134.4659134
20012,64.8346063491,-147.739212702
20017,,
20018,,
20024,,
20026,61.1819608133,-149.795906305
30001,,
30002,,
30006,,
30007,34.73852,-112.031003
30010,,
30011,,
30012,,
30013,,
30014,33.567836,-112.070768
30022,,
30023,,
30024,,
30030,33.525276,-112.1020771
30033,,
30036,,
30037,,
30038,,
30043,31.551104,-110.272492
30055,,
30061,,
30062,,
30064,,
30065,33.3756515,-111.8789167
30067,34.13642,-114.28505
30068,,
30069,,
30071,,
30073,,
30078,33.55341,-112.0480638
30083,,
30084,36.1579,-109.60738
30085,32.3147236108,-111.012045934
30087,,
30088,,
30089,,
30092,33.6676179538,-112.117141108
30093,,
30094,,
30101,,
30103,,
30105,33.4115659,-111.686024
30107,,
30108,,
30110,,
30111,32.177863,-110.931867
30112,,
30113,,
30114,32.42941105,-110.948913146
30115,,
30117,,
30118,34.5880112626,-112.32723813
30119,,
30120,,
30121,,
30122,33.366738,-111.7217835
30123,,
30126,,
30130,,
30131,,
30132,,
40001,,
40002,,
40004,,
40007,,
40010,,
40011,,
40014,,
40015,,
40016,,
40017,,
40018,,
40019,,
40020,,
40022,,
40026,,
40027,,
40029,,
40036,34.78375,-92.22313
40039,36.05202,-90.49837
40041,35.2829859121,-93.1500376551
40042,,
40047,,
40050,,
40051,,
40055,35.374599,-94.421223
40062,,
40067,,
40069,,
40071,,
40072,,
40074,,
40076,,
40078,,
40080,35.6081284697,-91.264333916
40084,,
40085,,
40088,,
40114,34.74458,-92.38141
40118,35.8090993878,-90.669119
40119,,
40134,,
40137,,
40147,,
40152,,
40153,,
50002,,
50006,40.7841756,-124.142116071
50007,,
50008,,
50009,,
50013,,
50014,,
50016,,
50017,,
50018,,
50022,,
50024,32.6855936,-117.0821829
50025,32.77745,-117.06076
50026,32.78057,-117.00675
50028,,
50030,39.50646,-121.5411
50036,35.39168,-119.00667
50038,37.3163065747,-121.93194004
50039,,
50040,34.324371,-118.447139
50042,,
50043,,
50045,,
50046,,
50047,,
50054,,
50055,,
50056,,
50057,,
50058,,
50060,,
50063,34.0939289,-118.2917574
50067,,
50069,33.7831862261,-117.86615392
50070,,
50071,,
50072,,
50073,38.128462,-122.2469584
50075,,
50076,,
50077,,
50078,33.737983,-118.305405
50079,37.952886,-122.338578
50082,,
50084,,
50089,34.1312995482,-117.322472849
50090,,
50091,,
50093,,
50096,34.0709965952,-117.94422358
50099,34.1017594,-117.637293058
50100,,
50101,38.1311666174,-122.239067812
50102,33.9258363487,-117.440007864
50103,,
50104,,
50107,,
50108,,
50110,,
50111,,
50112,34.02724755,-118.48663405
50113,37.5305340981,-122.298593103
50115,,
50116,,
50118,,
50121,,
50122,,
50124,34.20547,-118.216905
50125,,
50126,,
50127,,
50128,,
50129,,
50131,,
50132,,
50133,39.1386348571,-121.595095388
50135,,
50136,,
50137,,
50138,34.0769763,-118.2578459
50139,,
50140,,
50145,,
50149,,
50150,39.22743,-121.04744
50152,37.78963455,-122.416533988
50153,,
50158,,
50159,34.276394,-119.2519889
50167,37.885867,-121.2801949
50168,33.893541,-117.928269
50169,33.9924356,-118.1127612
50174,,
50179,,
50180,,
50189,,
50191,,
50192,36.6078774536,-119.451421511
50194,36.92721,-121.79306
50195,,
50197,,
50204,,
50205,34.1288638,-117.8464079
50211,,
50222,,
50224,,
50225,39.75691,-121.57123
50226,33.847209,-117.934074
50228,,
50230,,
50231,34.077053,-117.752192
50232,35.2780302,-120.6510041
50234,,
50235,,
50236,,
50238,,
50239,,
50242,36.988704,-121.983042
50243,,
50245,34.1006752,-117.352895
50248,,
50254,38.724622,-120.791327
50257,,
50261,,
50262,34.0664646,-118.446506694
50272,,
50276,,
50277,,
50278,,
50279,,
50280,,
50281,34.0708712,-118.1453884
50283,,
50289,,
50290,,
50291,,
50292,,
50295,,
50296,,
50298,,
50300,41.59976,-87.34893
50301,39.152314,-123.2036119
50305,37.8551677104,-122.266866414
50308,37.3691487,-122.0792802
50309,,
50313,37.74413,-121.43394
50315,,
50320,37.7994745833,-122.232929792
50324,32.885158,-117.2250899
50327,,
50329,33.8386484,-117.5720498
50334,,
50335,37.9808886574,-120.368616997
50336,38.1204693838,-121.28592797
50342,32.9598655103,-115.5531075
50348,33.78722845,-117.888413163
50350,,
50351,33.8125687719,-118.343738877
50352,,
50353,,
50357,34.4331443101,-119.809771975
50359,,
50360,,
50367,,
50373,,
50376,,
50378,,
50380,,
50382,,
50385,38.398249,-122.821029
50390,33.74991,-116.96012
50393,,
50394,,
50396,,
50407,,
50411,,
50414,,
50417,,
50423,,
50424,,
50425,,
50426,33.8246759,-118.0017054
50434,,
50435,,
50438,,
50441,,
50444,,
50454,,
50455,,
50457,,
50464,37.66564,-120.996321
50468,33.8911543,-118.3009791
50471,34.0532937143,-118.265310898
50481,34.2033992505,-118.62935218
50485,,
50488,,
50492,,
50496,,
50498,,
50502,34.06392465,-118.273812319
50503,33.037762,-117.2834149
50506,,
50510,38.0041933716,-122.553869372
50512,,
50515,,
50516,,
50517,,
50523,,
50526,33.70372,-117.98638
50528,37.06358995,-120.860917864
50531,,
50534,,
50537,,
50541,,
50543,33.6525404646,-117.912047811
50545,,
50546,36.043808,-118.9375499
50547,,
50548,,
50549,34.2065462871,-118.882384566
50551,,
50557,37.6685451212,-120.975579111
50561,,
50567,,
50568,,
50570,33.7126056818,-117.937075682
50573,,
50575,33.83354,-118.07963
50580,,
50581,,
50586,,
50588,,
50589,,
50590,38.46415,-121.417374
50597,34.133149,-117.872442
50599,,
50603,,
50604,,
50608,,
50609,33.847209,-117.9182834
50616,,
50624,34.39768,-118.55354
50625,,
50633,35.5553284,-120.71958873
50636,32.9968221,-117.0559523
50641,,
50644,,
50663,,
50668,,
50674,,
50677,,
50678,33.7016654,-117.9560019
50684,,
50686,33.9083328,-117.4674217
50688,,
50689,,
50690,,
50696,,
50697,40.58561,-122.416404
50701,,
50704,,
50708,,
50709,,
50710,36.8432374894,-119.783574082
50714,36.9877020461,-121.978125294
50717,33.9210745,-118.1460839
50723,,
50724,35.38606,-119.043017
50726,,
50727,,
50732,,
50735,33.9497216,-118.0058211
50736,,
50737,,
50738,,
50739,,
50740,33.9798435,-118.4384384
50742,,
50744,,
50745,,
50746,,
50747,,
50748,,
50749,,
50752,,
50754,37.4615473,-122.1590572
50755,,
50757,32.776095,-117.0574049
50758,,
50760,,
50761,,
50763,,
50764,,
50765,,
50766,,
50767,,
50768,33.8173257,-118.0014297
50769,,
50770,,
50771,,
50772,,
50773,,
60001,,
60003,,
60004,39.9646575,-104.768522289
60006,,
60008,37.471714211,-105.883398469
60009,39.769265,-105.088406
60010,,
60011,39.72818,-104.9910899
60012,38.2331296667,-104.622181167
60013,,
60014,,
60015,39.7180769,-105.1272273
60016,38.4556573496,-105.229678045
60020,,
60022,,
60023,,
60024,39.7425435,-104.8416609
60027,40.026745,-105.2908559
60028,,
60030,,
60031,,
60032,39.731142,-104.934137
60034,,
60036,,
60044,,
60049,40.46322,-106.81479
60054,,
60064,39.6704238,-104.9747687
60065,,
60071,38.7430991,-108.0561539
60075,,
60076,,
60096,39.625569,-106.2864619
60100,39.6893506,-104.8320828
60103,39.9515473,-105.1519358
60104,,
60112,,
60113,,
60114,,
60116,,
60117,,
60118,39.56939,-106.07785
60119,,
60124,39.7180769,-105.1272273
70002,,
70003,41.9072284372,-71.91523049
70004,41.8803,-73.48146
70005,,
70006,,
70007,,
70008,,
70010,,
70011,,
70012,,
70015,,
70016,,
70017,,
70018,,
70019,,
70020,,
70021,41.7167,-72.224123
70022,41.30433,-72.93529
70024,,
70025,,
70027,41.7812396069,-72.5247823234
70028,,
70029,41.6755277,-72.9305767
70031,,
70033,,
70034,,
70035,,
70036,,
70039,,
70040,,
80001,,
80003,,
80004,39.1514955,-75.5223745
80006,,
80007,38.77173,-75.14321
80009,,
90001,,
90003,,
90004,,
90005,,
90006,,
90008,,
90011,,
100001,,
100002,,
100006,,
100007,,
100008,,
100009,,
100012,,
100014,,
100017,,
100018,26.150307645,-81.7993173571
100019,,
100022,32.33292,-90.16537
100023,,
100025,30.47777175,-87.2114403771
100026,,
100028,28.629854,-80.825512
100029,30.287,-89.74266
100030,,
100032,,
100034,,
100035,,
100038,,
100039,,
100040,30.30712,-81.68949
100043,28.014078,-82.783616
100044,,
100045,29.042691,-81.316483
100046,,
100047,,
100048,,
100049,,
100050,25.8666700937,-80.3124130313
100051,,
100052,,
100053,25.8449683,-80.268226
100054,,
100055,,
100057,,
100062,29.174177,-82.137965
100063,,
100067,38.6431,-90.26354
100068,,
100069,28.01348,-82.50419
100070,,
100071,,
100072,,
100073,,
100075,,
100076,25.7783,-80.29328
100077,,
100080,26.59979,-80.09115
100081,,
100084,28.80785,-81.86846
100086,,
100087,,
100088,,
100090,,
100092,28.334617,-80.724413
100093,30.4296706,-87.2312120829
100099,,
100102,,
100105,,
100106,,
100107,26.614414,-81.6520149
100109,,
100110,28.29952,-81.40934
100113,,
100117,,
100118,,
100121,,
100122,,
100124,,
100125,25.481221,-80.4310634
100126,27.75305,-82.73911
100127,27.9516789,-82.7854953
100128,27.9381,-82.45934
100130,,
100131,,
100132,,
100135,30.4575137,-84.2611236437
100137,,
100139,,
100140,,
100142,30.7863516,-85.2409923
100150,,
100151,,
100154,,
100156,,
100157,,
100161,,
100166,,
100167,,
100168,,
100173,,
100175,,
100176,26.82961,-80.08661
100177,,
100179,,
100180,27.8054,-82.72651
100181,25.705578303,-80.2933939697
100183,,
100187,,
100189,,
100191,,
100200,,
100204,29.6588851,-82.3992109
100206,,
100209,25.7351,-80.2530459
100211,,
100212,29.17542,-82.1388
100213,,
100217,,
100220,26.54355745,-81.8501910579
100223,30.45381,-86.63495
100224,,
100226,30.1652035,-81.7207915
100228,,
100230,26.031033,-80.244573
100231,,
100232,,
100234,,
100236,,
100238,,
100239,,
100242,,
100243,,
100244,,
100246,,
100248,,
100249,,
100252,27.25974,-80.8289
100253,,
100254,30.47592385,-84.231968911
100255,,
100256,,
100258,26.4393794,-80.1095733
100259,27.7123782,-82.3688895
100260,,
100264,28.5384397,-82.3974262
100265,28.0403286624,-82.7089631169
100266,30.3576697273,-87.160203
100267,,
100268,,
100269,,
100275,,
100276,26.2682039474,-80.2542347521
100277,41.27167,-96.06724
100281,26.0094777948,-80.3119719946
100284,25.74724,-80.31761
100285,,
100286,,
100287,26.72499255,-80.0515667419
100288,,
100289,26.0815823,-80.3644923
100290,,
100291,,
100292,,
100296,,
100299,27.3926683879,-82.4353554794
100302,,
100307,,
100313,,
100314,,
100315,28.1866034,-80.6719706
100316,27.9999,-80.61177
100319,,
110001,,
110002,,
110003,31.226747,-82.348152
110004,,
110005,,
110006,,
110007,,
110008,,
110010,,
110011,,
110015,,
110016,,
110018,,
110023,34.51053,-84.92587
110024,32.40775,-82.06578
110025,,
110026,34.1131842875,-82.8754547413
110027,,
110028,,
110029,,
110030,,
110031,,
110032,,
110034,33.47108175,-81.9895165721
110035,33.9692682,-84.5552105
110036,,
110038,,
110039,,
110040,34.20022,-118.45074
110041,,
110042,33.9013955,-84.7788748
110043,,
110044,,
110045,,
110046,33.7937748,-83.7274507
110050,34.77851,-84.7867
110051,,
110054,,
110064,61.18634,-149.92353
110069,,
110071,,
110073,,
110074,33.9609385,-83.3993130638
110075,,
110076,33.7917584,-84.2981243
110078,,
110079,33.75161,-84.38223
110082,33.8551352,-84.3581124
110083,,
110086,,
110087,33.964234,-84.0149839
110089,31.51028,-82.86335
110091,,
110092,,
110095,31.470676,-83.5031029
110100,33.003034,-82.4093299
110101,,
110104,,
110105,,
110107,,
110109,32.5928835997,-82.3463026665
110111,,
110112,,
110115,33.7632077695,-84.3739076774
110121,30.86371,-84.19916
110122,30.86231,-83.28655
110124,41.57659,-75.2603
110125,,
110128,,
110129,,
110130,31.5993056,-83.2503705
110132,30.903763,-84.550885
110135,,
110142,,
110143,33.8169742,-84.6178611
110146,,
110150,,
110153,32.460107,-83.711113
110161,,
110164,32.8457728115,-83.6179842817
110165,,
110168,,
110177,37.95316,-122.33646
110183,33.8574516949,-84.5149743479
110184,33.7389969,-84.7313242
110186,,
110187,,
110189,34.91774,-84.37435
110190,,
110191,,
110192,,
110194,,
110198,34.06331045,-84.3197415681
110200,32.536066,-84.954634
110201,,
110205,34.695956,-84.4808081
110209,,
110215,,
110219,,
110225,,
110226,,
110229,,
110230,,
120001,,
120002,20.88713,-156.49199
120004,,
120005,19.7174201993,-155.107976352
120006,,
120007,21.3220700415,-157.856192333
120011,,
120014,,
120019,,
120022,,
120026,,
120028,,
130002,,
130003,,
130006,,
130007,,
130013,43.5541,-116.56947
130014,,
130018,,
130025,,
130028,42.8715502863,-112.418384336
130049,,
130063,,
130065,,
130066,,
140001,,
140002,38.89957,-90.1591
140007,,
140008,,
140010,,
140011,,
140012,41.8443305918,-89.4800207143
140013,,
140015,,
140018,,
140019,,
140026,41.1142569397,-88.835199938
140029,,
140030,42.0699,-88.33024
140032,,
140034,38.5291516904,-89.1161287825
140040,,
140043,41.80475,-89.69733
140046,,
140048,41.72659595,-87.5671296151
140049,,
140051,,
140052,,
140053,,
140054,,
140058,39.7453604138,-90.2596354828
140059,,
140062,,
140063,,
140064,41.59976,-87.34893
140065,,
140067,,
140068,,
140077,,
140080,42.0245353,-87.6848315
140082,,
140083,,
140084,42.379193,-87.831327
140088,,
140089,40.4480097604,-90.6645146042
140091,,
140093,40.1387532,-87.6448931
140095,41.8552602,-87.6978269
140100,42.4493254082,-87.8269888571
140101,,
140103,,
140110,,
140113,,
140114,,
140115,,
140116,,
140117,,
140118,,
140119,,
140120,40.562279,-89.633062
140122,,
140124,,
140125,,
140127,40.501543,-88.9910439
140130,,
140133,41.769955,-87.690885
140135,,
140137,38.902548,-89.40859
140143,,
140145,,
140147,,
140148,,
140150,,
140151,,
140155,,
140158,,
140160,,
140161,,
140162,33.48115,-112.07958
140164,37.72729,-89.22066
140166,,
140167,,
140172,,
140174,,
140176,,
140177,,
140179,,
140180,,
140181,,
140182,,
140184,37.74307,-88.99119
140185,,
140186,,
140187,,
140189,39.4884,-88.27312
140191,,
140197,,
140200,41.8638029,-87.9352290406
140202,,
140206,,
140208,,
140209,40.70044,-89.59508
140210,,
140211,41.8776828,-88.3403972
140213,,
140217,42.0423166,-88.3285859
140223,,
140224,,
140228,,
140231,41.76091,-88.15034
140233,,
140234,41.3291768571,-89.1251150408
140239,,
140240,,
140242,41.864336,-88.1583369
140250,,
140251,,
140252,30.76557,-85.54289
140258,42.00453,-88.01706
140275,,
140276,,
140280,41.4834248145,-90.572679888
140281,,
140286,41.9613,-88.72285
140288,,
140289,,
140290,42.0738161,-88.1409353
140291,,
140292,,
140294,38.3118632619,-88.9356163846
140300,,
140304,,
150001,,
150002,41.599363,-87.35703
150003,,
150004,,
150005,,
150006,41.60931,-86.725164
150007,,
150008,,
150009,,
150010,40.4871433643,-86.1556322733
150011,40.563744,-85.665163
150012,,
150015,,
150017,41.03880015,-85.2487018814
150018,,
150021,41.1868250779,-85.0994963411
150022,,
150023,,
150024,,
150026,,
150030,,
150034,,
150035,,
150037,41.01757,-83.65141
150038,39.4271711321,-86.4059526196
150042,,
150044,,
150045,,
150046,39.41928,-87.40896
150047,,
150048,39.862811,-84.881147
150051,,
150056,,
150057,,
150058,,
150059,,
150061,,
150064,,
150065,,
150069,36.86185,-76.3022
150072,,
150074,,
150075,,
150076,,
150082,,
150084,,
150086,,
150088,40.0961396352,-85.6805681793
150089,,
150090,41.4908456954,-87.4672612619
150091,40.897899,-85.4905239
150097,39.524525,-85.78036
150100,,
150101,,
150102,41.288131,-86.6218025556
150104,,
150109,,
150112,,
150113,40.1315282,-85.6953677437
150115,38.393738,-86.938001
150125,,
150126,,
150128,39.637114,-86.0504419
150129,,
150133,,
150146,41.44841055,-85.296227369
150150,,
150153,,
150154,,
150157,,
150158,,
150160,,
150161,,
150162,,
150163,38.44241,-85.6615369
150164,,
150165,,
150166,,
150167,,
150168,,
150169,,
150172,,
150173,,
150175,,
150176,,
150177,41.7017162121,-86.1775391223
150179,64.83778,-147.71639
150180,,
160001,42.0368674,-92.906081
160005,,
160008,,
160013,,
160016,,
160024,,
160028,,
160029,41.663633,-91.528497
160030,,
160032,41.702482,-93.0521149388
160033,41.5427628571,-90.5575081837
160040,42.5340915714,-92.4564178571
160045,41.9849438367,-91.6604644286
160047,41.2683987,-95.8345397428
160057,40.8113172835,-91.1703212816
160058,41.6575266489,-91.5498114351
160064,,
160067,43.42054,-83.96035
160069,,
160079,41.9789289425,-91.654958023
160080,41.8607999987,-90.1881589719
160082,,
160083,41.5978113529,-93.6255623529
160089,41.03747,-92.39938
160101,,
160104,,
160110,,
160112,,
160117,42.4954063898,-90.6876373346
160122,,
160124,,
160146,42.5184929674,-96.4061105
160147,,
160153,,
170001,38.412224,-96.195246
170006,,
170009,,
170010,37.224528,-95.71635
170012,38.830399,-97.609309
170013,,
170014,,
170016,,
170017,37.81841,-96.85849
170020,,
170023,,
170027,,
170039,37.2779573415,-97.3941102683
170040,,
170049,,
170058,,
170068,,
170074,,
170075,,
170086,,
170094,,
170103,,
170104,,
170105,,
170109,,
170120,37.32112,-95.26443
170122,,
170123,37.6957162628,-97.298943
170133,,
170137,,
170142,,
170145,,
170146,,
170150,37.1329466,-97.0389132426
170166,,
170175,,
170176,38.9623663,-94.723588
170182,,
170183,37.7475327,-97.2263574
170185,38.904222,-94.667869
170186,,
170187,38.830398,-97.609098
170188,,
170190,39.2028263,-96.5989493917
170191,,
170194,38.9287967,-94.6211794
170196,,
170197,,
170198,38.0796089123,-97.8894248616
170200,,
170203,,
180001,39.078555,-84.465208
180002,,
180004,,
180005,,
180009,,
180010,,
180011,,
180012,,
180013,36.994242,-86.433368
180016,,
180017,,
180018,,
180019,,
180020,,
180021,,
180024,37.56945,-85.26152
180025,,
180027,36.6085651633,-88.3087294286
180029,37.278477,-83.2275349
180035,39.06743,-84.50074
180036,38.50856,-82.69269
180038,,
180040,38.24917,-85.751246
180043,,
180044,,
180045,39.013209,-84.640742
180046,38.221948,-84.2387839
180048,,
180049,,
180050,,
180051,,
180053,38.42065,-83.75132
180056,,
180064,,
180066,,
180067,,
180069,,
180070,37.4757060714,-86.2860065357
180078,37.8149412852,-82.812187713
180079,38.38365,-84.27786
180080,,
180087,,
180088,,
180092,,
180093,,
180095,,
180101,38.1864848,-84.5604222
180102,,
180103,38.0307445,-84.5097734
180104,37.073453,-88.6268123
180105,,
180106,,
180115,37.3576315714,-84.3362497857
180116,,
180117,,
180124,36.96592,-86.436128
180127,38.1599578,-84.9061123
180128,38.09252,-82.60427
180130,38.2380604,-85.6386326
180132,37.0857902,-84.6202678
180138,,
180139,37.56045,-83.37191
180141,38.2490289,-85.7454199294
180143,,
180149,,
190001,30.778873,-89.868363
190002,,
190003,30.008092,-91.795233
190004,29.756705,-90.7979949
190005,,
190006,,
190007,31.75255255,-93.078620757
190008,,
190011,32.448174,-92.105246
190013,30.231093,-93.3613879
190014,29.7066068671,-91.2014126018
190015,,
190017,,
190019,,
190020,30.650088,-91.138405
190025,30.641065,-92.4231579
190026,,
190027,30.21616,-93.22727
190034,29.973488,-92.107079
190036,,
190039,,
190040,,
190041,,
190044,,
190045,,
190046,29.9256472,-90.0922823
190050,,
190053,,
190054,,
190060,,
190064,30.404061,-91.111049
190065,,
190079,,
190081,,
190086,,
190088,,
190090,31.92447,-92.6455
190098,,
190099,,
190102,,
190106,30.81616,-92.64374
190111,32.479216,-93.7886739
190114,,
190116,,
190118,,
190125,32.5000399238,-92.1148629619
190135,29.9323886,-90.1025527
190140,,
190144,,
190145,,
190146,30.008775,-90.1803889
190151,40.06816,-95.60559
190160,,
190164,31.137417,-93.269293
190167,37.23659,-107.82564
190175,,
190176,29.955461,-90.0760169
190177,30.41108,-90.08087
190183,29.56966,-90.68843
190184,,
190190,,
190201,30.180638,-93.249401
190202,30.440976,-91.001498
190204,30.286254,-89.7430489
190205,30.1980896827,-92.0753511731
190208,,
190218,,
190236,32.55841,-93.71807
190241,,
190242,,
190245,,
190246,,
190250,,
190257,,
190259,,
190263,30.1773617217,-92.0273739252
190266,,
190267,30.49978,-90.1070019
190268,30.20427,-92.01458
190270,30.25766,66.96686
190274,,
190278,,
190297,,
190298,31.3144764484,-92.4664917487
190303,,
190308,29.957667,-89.98996
200001,44.8636544,-68.83675
200002,,
200008,,
200009,43.6525378481,-70.2748386488
200018,,
200019,,
200020,,
200021,,
200024,,
200025,,
200031,46.87957,-68.00832
200033,,
200034,36.39365,-97.87135
200037,44.6254768,-70.1615764
200039,44.3626695,-69.7807299734
200040,,
200041,,
200050,44.547345,-68.4151045
200052,,
200063,,
210001,,
210002,39.2879314,-76.6256241
210003,38.80737,-76.89575
210004,,
210005,,
210006,,
210007,,
210008,,
210009,,
210011,,
210012,,
210013,,
210015,,
210016,38.983535,-77.000353
210017,39.41332,-79.40088
210018,39.1551866207,-77.0574630653
210019,,
210022,,
210023,38.99018,-76.53568
210024,39.3289958,-76.6141342
210027,39.6571429,-78.748335
210028,,
210029,,
210030,39.216936,-76.064997
210032,39.615938,-75.8311169
210033,,
210034,39.2518623,-76.615202
210035,,
210037,,
210038,,
210039,38.55992,-76.5962
210040,,
210043,,
210044,,
210045,,
210048,,
210049,,
210051,,
210054,,
210055,,
210056,39.358754,-76.587688375
210057,,
210058,39.3140431,-76.7076086641
210060,,
210061,38.3372499967,-75.2100955448
210062,38.7502323311,-76.8793046417
210063,,
210064,,
220001,,
220002,,
220008,,
220010,,
220011,,
220012,,
220015,,
220016,,
220017,,
220019,,
220020,,
220024,,
220029,,
220030,,
220031,,
220033,,
220035,,
220036,42.3490055,-71.1483211
220046,,
220049,,
220050,,
220051,,
220052,,
220058,42.4268841624,-71.6931853915
220060,,
220062,,
220063,,
220065,,
220066,42.1157038586,-72.5953658235
220067,42.2510718,-71.0138914
220070,,
220071,,
220073,41.9060908,-71.0943864
220074,,
220077,,
220080,,
220082,,
220083,,
220084,,
220086,42.340345,-71.1058945
220088,42.330033,-71.106656
220090,,
220095,42.5870033178,-71.9864913222
220098,,
220100,,
220101,42.3568958,-71.1866808
220105,,
220108,42.2537516684,-71.0768473806
220110,42.3349026316,-71.1058639474
220111,42.0978934,-71.0618929
220116,42.3505865,-71.1680064
220119,,
220126,42.189193,-71.2019068
220135,,
220163,,
220171,,
220174,,
220175,42.2844203894,-71.4198400068
220176,,
230002,,
230003,,
230004,43.204943,-86.2161689
230005,,
230013,42.6343427,-83.3093681
230015,,
230017,42.28698,-85.58139
230019,,
230020,42.28955325,-83.2152601047
230021,,
230022,,
230024,42.4188938,-83.182375667
230029,,
230030,,
230031,,
230035,,
230036,45.07736785,-83.4492862728
230037,,
230038,42.970427,-85.664874
230040,,
230041,,
230046,,
230047,42.47927,-82.98846
230053,,
230054,,
230055,,
230058,,
230059,,
230066,,
230069,,
230070,,
230072,,
230075,,
230077,,
230078,,
230080,43.5986452121,-84.7606101818
230081,44.2462368,-85.3904372901
230085,,
230089,,
230092,,
230093,,
230095,44.26376,-84.24464
230096,41.7949019,-85.4072379806
230097,,
230099,,
230100,,
230104,42.3508541548,-83.0574846086
230105,,
230106,,
230108,,
230110,43.95854,-86.43015
230117,,
230118,,
230121,43.005133,-84.181039
230130,,
230132,43.02188,-83.70492
230133,,
230141,,
230142,42.28998,-83.215
230146,42.210659,-83.148922
230151,,
230156,,
230165,42.41947195,-82.9132224924
230167,42.704958836,-84.5575698541
230174,43.050681,-86.228028
230176,,
230180,,
230193,,
230195,,
230197,,
230207,,
230208,,
230216,,
230217,,
230222,,
230227,,
230230,42.733672,-84.534944
230236,42.85793,-85.7177
230239,,
230241,,
230244,,
230254,42.67852115,-83.1491597114
230259,,
230269,,
230270,42.23853,-83.2693989
230273,,
230275,43.4548124,-84.0501373
230277,,
230279,,
230297,,
230301,,
230302,,
240001,40.24176,-75.60296
240002,,
240004,,
240006,44.0125,-92.46
240010,,
240014,,
240018,,
240019,,
240020,,
240022,43.62224,-95.59819
240030,,
240036,,
240038,,
240040,,
240043,,
240044,44.0350940871,-91.6216622209
240047,,
240050,,
240052,,
240053,,
240056,,
240057,,
240059,44.747137,-92.8730475261
240061,,
240063,,
240064,47.22103615,-93.5540996798
240066,,
240069,,
240071,,
240075,,
240076,,
240078,44.886534,-93.328971
240080,,
240084,47.530728,-92.550281
240088,,
240093,,
240100,,
240101,,
240104,,
240106,44.9636364,-93.0979117
240115,,
240117,43.6745546,-92.9772504
240132,,
240141,,
240166,,
240187,44.87531,-94.37212
240207,,
240210,,
240213,,
240214,,
250001,,
250002,,
250004,32.33348,-90.16675
250006,,
250007,,
250009,,
250010,,
250012,34.78707,-89.41676
250015,,
250017,,
250019,,
250020,,
250025,,
250027,,
250031,,
250034,,
250036,,
250038,32.58158,-90.08325
250040,,
250042,34.1970685714,-90.5525074286
250043,,
250044,34.656452,-88.565575
250048,,
250049,,
250050,33.474833,-88.821674
250057,,
250058,,
250059,,
250061,,
250067,,
250069,,
250072,,
250077,,
250078,,
250079,,
250082,,
250084,,
250085,31.255733,-89.806296
250093,,
250094,,
250095,33.45763,-90.64976
250096,32.2883788796,-90.0362542856
250097,,
250099,,
250100,,
250102,,
250104,,
250117,,
250122,,
250123,,
250124,,
250126,,
250128,,
250138,,
250141,34.9697545,-89.9963974204
250151,32.40949,-88.67654
250162,,
260001,,
260004,,
260005,,
260006,39.7728959,-94.7704702
260009,,
260011,,
260015,36.2359,-90.04093
260017,,
260020,,
260022,40.19310445,-92.5889629446
260023,33.50343,-86.80658
260024,,
260025,,
260027,,
260032,38.63621,-90.26475
260034,,
260040,,
260047,,
260048,39.08506,-94.57568
260050,,
260052,,
260057,25.97776,-97.51473
260059,37.681361,-92.635782
260061,,
260062,39.24887,-94.64848
260064,,
260065,42.11537,-72.59359
260068,38.94891115,-92.3157215364
260070,36.23737,-89.74061
260074,39.4239972,-92.4234801
260077,,
260078,,
260080,,
260081,,
260085,,
260091,38.63312,-90.31086
260094,,
260095,39.04956,-94.34959
260096,37.13391,-96.18894
260097,,
260102,,
260104,,
260105,,
260108,,
260110,,
260113,,
260116,,
260119,,
260137,37.0545410618,-94.524166975
260138,,
260141,,
260142,,
260147,38.0518,-93.68928
260160,,
260162,,
260163,,
260175,,
260176,,
260177,,
260179,,
260180,38.7753286701,-90.2393807362
260183,37.3034507,-89.5711806
260186,,
260190,,
260191,,
260193,,
260195,,
260200,,
260207,,
260209,,
260210,38.583377,-90.227611
260214,,
260216,38.94169,-94.38189
260219,,
260227,,
260228,,
270003,,
270004,45.789119,-108.5137464
270012,,
270014,46.8751,-114.0003
270017,,
270023,,
270032,,
270049,45.792992294,-108.519911104
270051,48.215007,-114.325878
270057,,
270074,,
270086,,
270087,,
280003,,
280009,,
280013,,
280020,40.8080179,-96.627322
280023,,
280030,41.265721,-95.956502
280032,,
280040,41.259598,-96.0416270965
280060,41.237987,-96.02888
280061,41.8833955454,-103.665920064
280065,41.1216592,-100.770168893
280077,,
280081,41.3064187,-96.0238967
280105,41.138557,-96.04282
280111,,
280125,42.032614,-97.453211
280127,,
280128,,
280129,41.2328724,-96.135666842
280130,,
280131,41.2582682362,-96.037404893
280132,,
280133,,
290001,39.5171117,-119.7741318
290002,,
290003,36.009791,-115.1368379
290005,36.195725,-115.123351
290006,39.4749710006,-118.766057442
290007,36.159016,-115.167522
290008,40.8230556,-115.7682219
290009,39.5324689,-119.81837665
290012,36.03878,-114.98475
290019,,
290021,36.1638280647,-115.165548017
290022,,
290032,,
290039,36.2165512186,-115.251110216
290041,36.18096,-115.31728
290045,,
290046,,
290047,,
290049,,
290051,39.2013149,-119.7868861
290053,36.055659522,-115.272042163
290054,36.2374088,-115.27911
300001,,
300003,,
300005,43.527906,-71.460934
300011,,
300012,,
300014,,
300017,42.876915,-71.31653036
300018,,
300019,,
300020,,
300023,,
300029,43.06482785,-70.7902309809
300034,42.994196,-71.472953
310001,,
310002,40.710227,-74.213813
310003,,
310005,40.53085,-74.86015
310006,,
310008,40.881947,-74.0090093333
310009,,
310010,,
310011,,
310012,,
310014,,
310015,40.7883942,-74.4684731
310016,,
310017,,
310019,,
310021,40.213283,-74.7574289
310022,,
310024,40.612269,-74.291356
310025,,
310027,,
310028,41.0547559622,-74.7667871157
310029,,
310031,,
310032,39.445485,-75.0857269
310034,40.35389,-74.06373
310038,40.4952,-74.44973
310039,,
310040,,
310041,,
310044,,
310045,40.905228,-73.966935
310047,,
310048,,
310050,40.894554,-74.4737139
310051,,
310052,40.079793,-74.1324889
310054,,
310057,,
310058,,
310060,,
310061,,
310064,,
310069,,
310070,40.5010132,-74.4593779511
310073,,
310074,,
310075,,
310076,40.7671359482,-74.3014359901
310081,,
310083,40.7547101429,-74.2146190714
310084,40.07310655,-74.2185791639
310086,39.826748,-75.0101709
310091,39.58694,-75.45385
310092,40.2358316067,-74.7527534382
310096,,
310108,40.557117,-74.346928
310110,,
310111,40.261013,-74.2728399
310112,,
310113,,
310115,,
310118,,
310119,40.7401511481,-74.1924456667
320001,,
320002,35.6595552,-105.9616867
320003,,
320004,,
320005,,
320006,33.4233809737,-104.528324781
320009,,
320011,,
320013,,
320016,,
320017,35.131029,-106.590955
320018,32.2921818,-106.735501596
320021,,
320022,,
320030,,
320033,,
320038,,
320059,34.20275,-110.01785
320060,,
320061,,
320062,,
320063,32.44251825,-104.257772681
320065,32.7269592,-103.1477959
320074,,
320084,,
320085,,
320086,,
320089,,
330003,,
330004,,
330005,,
330006,40.929854,-73.897407
330008,42.08274,-104.19342
330009,,
330011,,
330013,,
330014,,
330019,,
330023,,
330024,,
330027,,
330028,40.63591,-74.1055199
330030,,
330033,,
330037,,
330043,40.723547,-73.2449069
330044,,
330045,,
330046,,
330047,,
330049,,
330053,,
330055,40.75434,-73.70861
330056,,
330057,42.6562534,-73.803528
330058,,
330059,,
330061,,
330064,,
330065,43.0938,-79.04979
330067,,
330073,43.003973,-78.176849
330074,,
330078,,
330079,,
330080,40.8175747,-73.9242178
330084,,
330085,,
330086,,
330088,,
330090,,
330094,,
330096,42.1229908,-77.9501474
330101,,
330102,42.964229,-78.8787449
330103,42.0879609,-78.42763
330104,41.095512,-73.925286
330106,40.20772,-74.0381
330107,40.933437,-72.67371
330108,,
330111,,
330115,43.078888,-75.6402029
330119,,
330125,,
330126,,
330127,,
330128,40.7449869,-73.8859960241
330132,,
330135,41.368068,-74.682434
330136,,
330140,,
330141,,
330144,,
330151,,
330153,42.819875,-73.918926
330157,43.9639384958,-75.9130136475
330158,,
330160,,
330162,41.194879,-73.725312
330163,,
330164,,
330167,,
330169,,
330175,,
330177,44.33823,-75.474359
330180,,
330181,,
330182,40.804791,-73.6684719
330184,40.9131972742,-73.7872787616
330185,40.936846,-73.0557709
330188,43.1527584,-79.028646
330191,43.3066145,-73.6463957
330193,,
330194,,
330195,,
330196,,
330197,,
330198,,
330199,,
330201,,
330202,,
330203,,
330204,42.8021386,-73.952846
330205,,
330208,,
330211,,
330213,43.7958145294,-75.4982654118
330214,42.8021386,-73.952846
330215,43.229026,-75.44407
330218,37.15919,-95.11102
330219,,
330221,,
330222,,
330223,44.937013,-74.90861
330224,,
330226,43.248654,-77.6965099
330229,,
330231,40.75434,-73.70861
330232,42.743028,-73.675545
330233,,
330234,41.08593,-73.80624
330235,,
330236,,
330238,42.552017,-77.700191
330239,,
330240,40.775880553,-72.9596684679
330241,43.0425629,-76.1401516
330245,43.0834455,-75.267357
330246,,
330249,,
330250,44.700042,-73.46675
330259,,
330261,,
330263,,
330264,41.50352,-74.015069
330265,,
330267,,
330268,,
330270,,
330273,,
330276,,
330277,42.1408497647,-77.0452531765
330279,42.848279,-78.812591
330285,,
330286,40.6958716852,-73.293989537
330304,,
330306,40.64688,-74.020985102
330307,42.472155859,-76.5368780227
330316,,
330331,40.7744513336,-73.4776797264
330332,,
330340,40.8856304737,-72.3809678246
330350,40.6547299,-73.9441855
330353,40.730557,-73.8447909
330372,,
330385,,
330386,,
330393,,
330394,,
330395,40.5986674,-73.7531372
330396,,
330397,40.6781176,-73.9374617
330399,,
330401,,
340001,35.4345073956,-80.6030745583
340002,,
340003,36.4887207847,-80.6112173762
340004,,
340008,34.751759,-79.470456
340010,35.3933426,-77.9738533
340011,35.9107774354,-82.0633452735
340013,,
340014,,
340015,,
340016,,
340017,35.3210428937,-82.4680162967
340020,,
340021,,
340023,35.39004,-82.48826
340024,,
340027,,
340028,,
340030,,
340032,35.2736491429,-81.137041619
340036,,
340037,,
340039,,
340040,,
340041,35.910200178,-81.5358414212
340042,,
340047,,
340049,,
340050,40.04118,-81.57723
340051,,
340053,,
340060,36.4932873581,-79.740284033
340061,,
340064,,
340068,,
340069,35.7857524721,-78.5893391082
340070,,
340071,,
340073,,
340075,,
340084,,
340085,,
340087,,
340090,,
340091,36.1102,-79.7918769
340096,,
340097,36.2642131742,-80.8377202309
340098,,
340099,,
340106,,
340107,,
340109,36.3234797,-76.2186939
340113,35.20374595,-80.839313664
340114,,
340115,,
340116,35.7373084,-81.3380932139
340119,,
340120,,
340123,,
340126,,
340127,,
340129,,
340130,,
340131,,
340132,,
340133,,
340141,,
340142,,
340143,,
340144,,
340145,,
340147,,
340148,,
340151,,
340153,,
340155,,
340156,,
340158,,
340159,36.4070204806,-78.9851233222
340160,,
340166,,
340168,34.1932351656,-77.9284312225
340171,,
340173,35.7402,-78.78139
340183,35.4064661,-80.8600157
340184,,
340186,35.54924,-77.03787
350002,,
350006,48.229156,-101.2884539
350011,,
350015,46.8344862,-100.7815133
350019,,
350063,,
350070,46.83139,-96.82784
360001,,
360002,,
360003,,
360006,,
360008,38.7534529452,-82.9793945293
360009,40.73724,-84.0902359
360010,,
360011,40.572071,-83.129702
360012,,
360013,29.13386,-98.1489
360014,,
360016,39.2118312,-84.4640292
360017,39.9608873333,-82.9907053333
360019,,
360020,,
360025,,
360026,39.7008835665,-83.9287943502
360027,41.07848,-81.53134
360029,41.37548415,-83.666261121
360032,,
360035,39.959962,-83.0017899
360036,40.815675,-81.9342849
360037,41.496126,-81.674031
360039,39.9758680001,-82.0146320219
360040,,
360041,,
360044,,
360046,39.5126625,-84.7416224
360048,,
360051,,
360052,39.7878427625,-84.2348470407
360054,38.84649,-82.23764
360055,41.2363620556,-80.7995718056
360056,,
360058,,
360059,,
360064,,
360065,,
360066,,
360068,,
360070,40.8118193116,-81.396977352
360071,,
360072,,
360074,,
360075,,
360076,39.49898,-84.31426
360077,41.4503265,-81.8240245
360078,,
360079,,
360080,40.09853,-80.72054
360081,,
360082,41.596938,-81.547249
360084,,
360085,,
360086,,
360087,,
360089,,
360090,,
360091,,
360092,,
360095,,
360096,40.621265,-80.585472
360098,,
360107,,
360109,,
360112,41.6687610863,-83.5420761207
360113,,
360116,,
360118,40.7526722,-82.5287890284
360121,,
360123,,
360125,41.879949,-80.795353
360131,,
360132,,
360133,,
360134,39.140079,-84.523413
360137,,
360141,,
360143,,
360144,,
360145,,
360147,,
360148,,
360150,41.133082,-81.509947
360151,,
360152,39.9510879,-83.1547782
360153,40.0294567839,-80.7410949296
360155,,
360156,,
360159,,
360161,,
360163,,
360170,39.6092260903,-82.938129047
360172,,
360174,40.08571,-84.23003
360175,,
360179,39.1803239,-84.4329066
360180,,
360185,40.9008366329,-80.8321991126
360189,39.8920878469,-83.455136431
360192,,
360195,,
360197,,
360203,,
360210,,
360211,40.3561293016,-80.6250161421
360212,,
360218,40.0465475295,-82.452288414
360230,41.51888,-81.43495
360234,39.201757,-84.57195
360236,,
360239,,
360247,,
360259,41.6217647,-83.483624
360261,,
360262,41.686656,-83.8482419
360263,,
360266,40.0862928384,-82.7889322622
360270,,
360276,,
360348,40.10144,-83.16608
360350,,
360351,,
360352,,
360354,,
360355,,
360359,,
360360,,
360361,38.7470697971,-82.9929824058
360362,,
370001,,
370002,36.4374606289,-99.4008614746
370004,,
370006,,
370008,,
370011,,
370013,35.608941,-97.600765
370014,,
370015,,
370016,36.39038,-97.88684
370018,,
370019,,
370020,,
370022,,
370023,,
370025,,
370026,36.3940823093,-97.8718832982
370028,,
370029,,
370030,,
370032,,
370034,,
370036,,
370037,,
370039,36.3219728926,-95.605188
370040,,
370041,,
370047,,
370048,33.88303,-94.81107
370049,,
370051,,
370054,,
370056,34.61001,-98.43404
370057,,
370065,36.65374,-95.15638
370072,,
370078,,
370080,,
370083,34.2320797,-95.6114209
370089,,
370091,,
370093,35.6055223,-97.4544707
370094,,
370097,34.594272083,-98.4609732321
370099,,
370100,34.011597,-95.4765179
370103,,
370106,35.420625,-97.530325
370112,,
370113,36.58235,-94.77064
370114,,
370138,36.6906837,-101.4783694
370139,,
370149,,
370153,,
370156,,
370158,35.0287840513,-97.3658047624
370166,,
370169,35.31094,-95.59183
370171,,
370172,,
370173,,
370178,35.80929,-94.64322
370180,34.7375871,-96.645834
370183,,
370190,36.0491498,-95.9273781
370192,,
370201,,
370202,,
370203,,
370206,,
370210,,
370211,,
370212,,
370215,,
370216,36.061165,-96.00395
370218,36.0318775,-95.857284
370220,,
370222,,
370227,,
370228,,
370229,,
370234,,
370235,,
370236,,
380001,,
380002,,
380004,45.5157339,-122.7450536
380005,,
380007,,
380009,,
380014,44.600548,-123.249488
380017,,
380018,,
380020,,
380021,,
380022,,
380025,45.5169901,-122.4069762
380027,,
380029,,
380033,,
380037,45.309911,-122.935473
380038,,
380040,,
380047,,
380050,,
380051,,
380052,,
380056,44.8051,-122.78474
380060,,
380061,45.5265720101,-122.613845101
380071,,
380075,,
380082,45.4495135,-122.627567684
380089,,
380090,,
380091,,
380102,44.0803318,-123.0287447
390001,,
390002,,
390003,,
390004,40.2501683,-76.9225807
390006,,
390008,,
390009,42.1111942449,-80.0787787755
390012,,
390013,,
390016,,
390019,,
390025,,
390026,,
390027,,
390028,,
390030,,
390031,,
390032,,
390035,,
390036,40.711712,-80.326891
390037,,
390039,,
390041,39.9018117,-79.7385594
390042,,
390043,41.7451981,-77.2989683
390044,34.01109,71.56875
390045,,
390046,39.9458692,-76.7184637
390048,40.61781,-77.56808
390049,,
390050,,
390052,41.0334145,-78.4497358023
390056,,
390057,,
390058,,
390061,,
390062,,
390063,,
390065,,
390066,39.35843,-76.5872
390067,,
390068,,
390070,,
390071,,
390072,41.0730633,-76.2243963
390073,,
390076,,
390079,,
390080,40.0665372763,-75.0892260526
390081,40.19671,-85.41469
390084,31.87211,-81.6
390086,,
390090,,
390091,,
390093,41.190034,-79.3983305
390096,33.48115,-112.07958
390097,,
390100,,
390101,39.970029,-76.694365
390102,,
390104,,
390107,,
390110,40.3051224372,-78.9185668447
390111,,
390112,,
390113,41.6416909847,-80.1462577743
390114,,
390115,40.069651,-74.981657
390116,,
390117,,
390118,,
390119,,
390122,,
390123,40.24176,-75.60296
390125,,
390127,40.1238000702,-75.5135900748
390130,40.6589553426,-78.7068171459
390132,39.9716485,-75.1635607216
390133,,
390137,41.258563874,-75.8679681331
390138,39.75104,-77.568201
390139,,
390142,,
390145,40.3009600617,-79.5545162136
390146,,
390147,,
390150,31.77543,-84.79354
390151,,
390153,,
390154,41.4252392107,-78.5756685733
390156,,
390157,40.47267,-80.09098
390160,,
390162,38.76946,-76.07679
390163,,
390164,40.44262675,-79.9604323635
390168,40.86668,-79.88142
390173,,
390174,39.9498357,-75.1585649
390178,,
390179,,
390180,39.85612,-75.368
390183,,
390184,,
390185,40.950046,-75.962955
390192,41.57756,-75.96972
390194,,
390195,,
390197,,
390198,42.0738762871,-80.0935670452
390199,40.96097,-78.99977
390201,,
390203,,
390204,,
390211,,
390217,,
390219,,
390220,,
390222,,
390223,,
390225,,
390226,,
390228,,
390231,,
390233,,
390236,41.7837102678,-76.4489091841
390237,41.4128096703,-75.6539608972
390256,,
390258,,
390263,40.64646413,-75.4071003325
390265,34.18884,-92.01785
390266,,
390267,,
390268,40.8056272517,-77.864673231
390270,,
390272,,
390278,,
390290,,
390304,,
390307,,
390312,,
390314,,
390316,,
390321,,
390322,,
390323,,
390324,,
390325,,
390326,,
390327,,
390328,,
390329,,
410001,,
410004,,
410005,,
410006,41.497182,-71.3050449
410007,,
410008,,
410009,41.70449,-71.477773
410011,42.005208,-71.496354
410012,,
410013,,
420002,,
420004,,
420005,,
420007,,
420009,,
420010,,
420011,36.06041,-81.88925
420015,,
420016,33.25545,-81.3613
420018,,
420019,,
420020,,
420023,,
420026,34.0216626,-80.9465751
420027,34.511318,-82.647302
420030,,
420033,34.9196792258,-82.2422992972
420036,,
420037,34.731839,-82.2543749
420038,,
420039,,
420043,,
420048,,
420049,,
420051,,
420053,,
420054,34.6347379286,-79.698236
420055,,
420062,,
420065,,
420066,,
420067,,
420068,,
420069,,
420070,33.9235765,-80.3442311667
420071,34.174389,-82.156846
420072,32.852048,-81.0829769
420073,,
420078,34.821426,-82.413679
420079,32.9776296506,-80.0731643466
420080,,
420082,,
420083,,
420085,33.7495668,-78.8105167
420086,,
420087,,
420089,,
420091,34.18902,-79.76472
420098,33.56043,-79.04286
420101,32.321081,-81.0567929
420102,,
420103,34.863482,-82.220072
420104,38.929,-77.02887
420105,,
430005,,
430008,,
430012,,
430013,,
430014,,
430015,,
430016,,
430027,,
430048,,
430077,,
430084,,
430089,,
430090,43.5349098085,-96.7142872553
430091,,
430092,,
430094,,
430095,,
430096,42.9026991919,-97.4000241212
430097,,
440001,,
440002,35.6394629879,-88.8327725667
440003,,
440006,,
440007,,
440008,,
440009,,
440010,,
440011,35.7550564,-83.9658336
440012,,
440015,35.9500708,-83.9430483
440016,,
440017,,
440018,,
440020,,
440025,36.1736903,-82.789988926
440029,,
440030,36.2120917076,-83.3042479617
440031,,
440032,,
440033,36.3880245455,-84.1087771599
440034,,
440035,,
440039,36.1445694727,-86.7998792676
440040,35.5929979,-87.86566
440046,,
440047,,
440048,,
440049,,
440050,,
440051,,
440053,,
440054,,
440056,,
440057,,
440058,,
440059,,
440060,,
440061,36.3336612232,-88.8690077354
440063,,
440064,,
440065,,
440067,,
440068,,
440070,35.63598,-88.12215
440072,36.0473932554,-89.3809253712
440073,35.607148,-87.0669907685
440081,,
440082,,
440083,,
440084,,
440091,,
440102,,
440104,,
440109,35.2281586,-88.2303274044
440110,35.82527,-84.27026
440111,36.1663231759,-86.8056714869
440115,,
440120,,
440125,,
440130,,
440131,35.5359,-89.67774
440132,,
440133,,
440137,,
440141,36.5443892,-85.5012299
440144,35.38222,-86.23107
440148,,
440150,,
440151,35.6984,-85.74081
440152,35.1477379,-90.0540372
440153,,
440156,,
440159,35.067952,-89.932102
440161,,
440168,,
440173,35.9181908375,-84.0990271783
440174,,
440175,,
440176,,
440180,,
440181,35.2903804,-89.0081342
440182,,
440183,35.099896,-89.862769
440184,36.3387789363,-82.4036158099
440185,,
440187,,
440189,,
440192,35.94821,-85.477098
440193,39.28792,-76.62477
440194,,
440197,,
440200,,
440218,36.1560835819,-86.8034556347
440227,,
440228,35.206683942,-89.8022436675
450002,,
450005,,
450007,30.040836,-99.1466179
450010,,
450011,,
450015,,
450018,,
450021,,
450023,28.8136477905,-96.9767570811
450024,31.771245,-106.43578
450028,,
450029,,
450032,,
450033,26.174531072,-97.671551072
450034,,
450035,,
450037,,
450039,,
450040,33.5777278917,-101.892655249
450042,31.514791,-97.197967
450044,,
450046,27.7774417,-97.396052
450051,32.7616507,-96.8230943
450052,31.77675,-97.58898
450054,,
450055,,
450056,,
450058,,
450064,32.7500534379,-97.1159184698
450068,,
450072,29.0300029,-95.4524011
450073,32.688478,-100.917746
450078,,
450079,32.8351585,-96.9604313
450080,33.17592,-94.97207
450082,,
450083,,
450085,33.08927095,-98.5836405125
450087,,
450090,,
450092,,
450097,29.6650738181,-95.182364142
450099,35.57264,-100.96474
450101,31.55294,-97.17973
450102,32.34293,-95.29175
450104,,
450107,,
450108,29.1413454,-98.1528066
450119,26.263305998,-98.1831906562
450124,30.2743706,-97.7339189
450128,26.15315,-97.9771
450130,,
450132,31.836575,-102.3934079
450133,,
450135,,
450137,,
450143,,
450144,,
450147,,
450148,,
450152,,
450154,,
450155,34.82122,-102.39117
450162,,
450163,,
450165,,
450176,,
450177,29.2148839882,-99.7693037662
450178,,
450184,,
450187,,
450188,33.610086,-95.0612439
450192,,
450193,29.70677575,-95.399023
450194,,
450196,,
450200,,
450203,32.7475478216,-97.786007839
450209,,
450210,,
450211,,
450213,29.5131377,-98.5689632
450214,,
450219,,
450221,35.86478,-101.9709
450222,,
450229,32.4464534,-99.7333477
450231,,
450235,29.5154378,-97.4610118
450236,,
450237,,
450253,29.95362,-96.26057
450270,,
450271,,
450272,29.852461793,-97.9480209708
450280,,
450283,,
450289,,
450292,,
450293,,
450296,,
450299,30.58126,-96.29007
450306,32.9346125,-99.7852582
450324,,
450330,,
450340,,
450346,30.068542,-94.120501
450347,30.6977759,-95.5573647
450348,31.3073818776,-96.8931627959
450351,,
450352,,
450358,29.7106592,-95.3989741
450369,34.43928,-100.2269
450370,29.6943638511,-96.5425322979
450372,32.3961007126,-96.8639917383
450373,,
450379,,
450388,,
450389,,
450395,,
450399,,
450400,,
450403,33.15995,-96.6368
450411,32.400277798,-98.8215128223
450419,,
450422,32.80428,-96.79514
450424,,
450431,,
450447,,
450451,32.2406345555,-97.7486659165
450460,,
450462,,
450465,28.9827478673,-95.9819909184
450469,33.6351651659,-96.6228051176
450475,,
450484,31.36659,-94.7568542
450488,32.374598,-94.869074
450489,,
450497,33.5614456133,-97.8346146834
450498,32.753741,-98.88766
450508,31.5354,74.3303
450518,,
450537,32.975288,-96.727361
450539,,
450558,32.37457,-99.74314
450563,32.9356695918,-97.093370449
450565,,
450571,,
450573,,
450580,31.322151941,-95.4371141271
450584,34.1586793,-99.3145580724
450586,,
450587,,
450591,29.18504,-95.4131129
450596,,
450597,29.11283,-97.2832
450604,,
450605,27.916559,-97.163196
450610,29.779978,-95.544585
450615,33.10554765,-94.163001496
450617,29.538851,-95.1295139
450620,,
450634,,
450638,,
450639,32.836468,-97.125196
450641,,
450643,,
450644,29.730213,-95.595056
450647,32.909449,-96.771223
450651,33.0205366,-96.7662841
450653,,
450654,,
450656,,
450658,,
450659,,
450661,,
450662,,
450668,,
450669,,
450670,,
450672,32.73596,-97.34391
450675,32.6188401,-97.1153142
450677,,
450678,32.834802,-96.7070939
450683,,
450684,,
450686,,
450688,,
450690,,
450694,,
450697,,
450702,,
450709,,
450711,26.1847594,-98.2156577
450713,,
450716,,
450718,,
450723,,
450730,33.024835,-96.8850039
450742,32.918226,-96.509442
450743,,
450747,,
450749,30.95668,-95.38116
450754,,
450755,33.5750083384,-102.367825405
450766,,
450770,30.85728,-96.97743
450771,,
450774,31.407473,-95.5752469
450775,30.05028,-95.25497
450779,,
450780,,
450788,,
450795,,
450796,35.17394,-101.93642
450801,33.46406885,-94.075661886
450803,29.84796,-95.40817
450804,,
450808,,
450809,,
450813,,
450820,29.5899262204,-95.6341918041
450822,,
450825,26.2639418642,-98.201831541
450827,,
450828,,
450832,29.77712,-95.71647
450833,32.3150032,-96.6390072
450834,,
450839,,
450840,,
450844,,
450845,,
450847,29.7854949,-95.8045264
450848,,
450851,,
450853,,
450855,,
450856,,
450860,29.5771,-95.6543859
450862,30.2066173,-95.4609126
450864,,
450867,,
450869,,
450871,,
450872,,
450874,,
450875,,
450876,,
450877,,
450880,,
450883,32.98378,-97.16623
450884,,
450885,,
450888,32.9409829175,-97.1328865378
450889,,
450890,,
450891,,
450894,32.8403775906,-96.8689619597
460001,40.23375,-111.6674799
460003,40.769271,-111.860892
460004,41.1832422354,-111.949205885
460005,,
460006,,
460007,,
460009,40.772592,-111.838627
460010,,
460011,,
460013,,
460014,,
460015,,
460017,,
460019,,
460021,37.09888,-113.57589
460023,,
460026,38.782122,-112.084652
460030,40.4569854,-109.5415369
460035,,
460041,41.0892376031,-111.994958077
460042,37.71417,-85.87513
460044,,
460047,51.5751,-0.32248
460049,,
460051,40.5904,-111.9745
460052,,
460054,41.775971,-111.822937
460057,40.6878321,-111.4685029
460058,40.522169,-111.980092622
470001,44.22034,-72.56066
470003,44.4806157525,-73.1972683079
470005,,
470011,,
470012,42.873416,-73.206846
470024,44.8079779,-73.0728293
490001,,
490002,,
490004,,
490005,39.19399,-78.19342
490007,36.8599031,-76.3050055
490009,,
490011,,
490012,,
490013,36.71225,-78.91435
490017,36.8377989474,-76.3507067895
490018,,
490019,,
490020,,
490021,,
490022,,
490023,38.7131884,-77.8092595
490024,,
490032,,
490033,38.937855,-78.1992509
490037,,
490038,,
490040,,
490041,,
490042,,
490043,,
490044,,
490045,,
490046,,
490048,37.2651973089,-80.0330925158
490050,,
490052,,
490053,34.22255,-96.67477
490057,,
490059,,
490060,37.09472,-81.82028
490063,,
490066,,
490067,,
490069,,
490075,,
490077,38.02275,-78.44443
490079,,
490084,,
490088,,
490089,,
490090,,
490092,,
490093,37.057333,-76.3899407965
490094,37.540407,-77.406234
490097,,
490098,,
490101,,
490107,,
490110,,
490111,36.9533123862,-81.095857385
490112,37.515995,-77.527321
490113,,
490114,36.87597654,-82.7582497103
490115,,
490116,37.0690029441,-80.7582665825
490117,37.1254040749,-81.4915726781
490118,37.60437,-77.53988
490119,,
490120,,
490122,,
490123,,
490126,,
490127,,
490130,,
490135,,
490136,,
490140,,
490141,,
490143,,
500001,47.71412945,-122.337145839
500002,46.062404,-118.34424
500003,,
500005,,
500007,,
500008,,
500011,,
500012,,
500014,48.0000216431,-122.207969892
500015,,
500016,47.407774666,-120.324677395
500019,,
500021,,
500024,47.0527856316,-122.844546684
500025,,
500026,47.7783514,-122.3353179
500027,,
500030,,
500031,,
500033,,
500036,,
500037,,
500039,47.582718,-122.625116426
500041,46.1309514234,-122.941417688
500044,,
500049,,
500050,45.6239493,-122.5801198
500051,,
500053,46.1992239433,-119.118643226
500054,,
500058,46.28115725,-119.28225835
500060,,
500064,,
500072,48.1152446389,-123.415396701
500077,47.7091426327,-117.40599798
500079,47.1774844747,-122.288820596
500084,47.8565792,-121.9906448
500088,,
500108,47.2457368367,-122.448705939
500119,47.6715500186,-117.235121082
500124,47.7155483,-122.1797362
500129,,
500139,,
500141,,
500148,,
500150,,
500151,,
500152,,
510001,,
510002,,
510006,,
510007,,
510008,39.41777,-77.91108
510012,,
510013,,
510022,,
510023,40.3938458106,-80.5294707148
510024,39.66383,-79.94672
510029,,
510030,,
510031,,
510038,39.0482963469,-80.4926255918
510039,,
510046,,
510047,39.4820389765,-80.1603957064
510048,37.8445451,-81.9889007
510050,,
510053,38.9922873,-80.236018
510055,,
510058,,
510062,37.7970019312,-81.1718390124
510070,37.7861159574,-81.2029860528
510071,,
510072,,
510077,,
510082,38.29214,-80.832228
510085,,
510086,37.43915,-81.58799
520002,44.5269082,-89.5670783585
520004,43.804509,-91.239603
520008,43.0119392332,-88.2425692892
520009,,
520011,,
520013,,
520017,33.48115,-112.0807
520019,,
520021,,
520027,,
520028,42.6077518,-89.6481431
520030,44.9654833368,-89.6702366447
520033,,
520034,44.125275,-87.617124
520035,,
520037,,
520038,,
520041,,
520044,,
520045,,
520048,44.01393,-88.602947
520049,44.5021661667,-88.0106142083
520051,,
520057,,
520059,,
520062,,
520063,,
520066,,
520070,,
520071,42.930072291,-88.8272942817
520075,,
520076,,
520078,42.9858508263,-87.9339354003
520083,43.059762,-89.400858
520087,,
520088,,
520089,,
520091,45.8941193,-89.7015364
520095,,
520096,,
520097,,
520098,,
520100,,
520102,,
520103,41.78445,-99.13565
520107,,
520109,43.7827506,-90.0751271
520113,,
520116,43.199112,-88.698895
520136,43.0741653,-87.976347911
520138,,
520139,43.0011253,-88.0236983
520160,,
520177,43.0384414413,-88.0319274022
520189,,
520193,,
520194,,
520196,,
520198,,
520202,,
520204,42.861545,-87.951645
520205,,
520206,42.9477,-87.91259
520207,42.9477,-87.91259
520208,,
530002,39.11478,-84.46772
530006,48.77921,-104.56325
530008,,
530010,,
530011,,
530012,41.14058,-104.81636
530014,,
530015,38.64561,-90.44679
530025,,
530032,41.242297,-110.991174
530033,,
670002,,
670004,,
670005,,
670006,30.29605,-97.82574
670008,,
670012,,
670019,,
670023,,
670024,,
670025,33.01338,-96.79073
670029,,
670031,29.6400911,-95.1614664
670034,30.559954,-97.686275
670041,30.56679,-97.6515
670043,,
670044,,
670046,,
670047,,
670049,,
670052,,
670053,,
670054,29.5310069706,-98.5924651176
670055,29.6153402725,-98.4711666352
670056,,
670058,,
670059,,
670060,,
670061,27.6869908749,-97.3749965585
670067,,
670068,33.045405967,-97.0692760499
670069,,
670071,32.748287,-97.1169862553
670072,,
670073,,
670075,,
670076,,
670077,,
670078,,
670079,,
670080,,
670082,,
670085,,
